algoritmo,tamaño,tiempo_s
HeapSort,1066,0.00024025299990171334
BinaryInsertionSort,1066,0.00027039199994760565
BucketSort,1066,0.0003251700004511804
RadixSort,1066,0.0008066150003287476
QuickSort,1066,0.0014390709998224338
TimSort,1066,0.00164725400009047
CombSort,1066,0.0018956940002681222
TreeSort,1066,0.0019522610000421992
BitonicSort,1066,0.015556940999886137
SelectionSort,1066,0.023871554999914224
PigeonholeSort,1066,0.0600525260001632
GnomeSort,1066,0.11622031199976846
